Mapped_Country,Year,CO2_Emission,TSE_Subsidy,GSSE_Subsidy,PSE_Subsidy
Argentina,1986,32595.959658333333,,,
Argentina,1987,31645.706674999998,,,
Argentina,1988,32317.893616666668,,,
Argentina,1989,32426.495191666665,,,
Argentina,1990,49144.686514583336,,,
Argentina,1991,50787.8752452381,,,
Argentina,1992,51580.24809047618,,,
Argentina,1993,51037.294752380956,,,
Argentina,1994,50107.50225208333,,,
Argentina,1995,51380.43783023256,,,
Argentina,1996,51682.353613953484,,,
Argentina,1997,50422.20650816327,149.8441,143.4721,6.372
Argentina,1998,51399.37076046511,64.473,178.4339,-113.961
Argentina,1999,52999.87633023256,-55.6958,149.2982,-204.994
Argentina,2000,50906.446161224485,76.1481,157.4578,-81.3097
Argentina,2001,59687.90580930233,-60.6433,165.7407,-226.384
Argentina,2002,60126.275513953486,-2313.6153,57.2762,-2370.8914
Argentina,2003,63606.26148139535,-2035.7639,65.999,-2101.7629
Argentina,2004,66080.70340232557,-3707.9249,73.9004,-3781.8254
Argentina,2005,66611.55737209303,-3536.3929,117.7271,-3654.1199
Argentina,2006,68100.20069767442,-3429.4443,170.9887,-3600.4329
Argentina,2007,68538.53285581396,-4576.8746,190.9783,-4962.1446
Argentina,2008,69457.04773488372,-5972.904,224.2229,-6948.9263
Argentina,2009,66130.44784418606,-4754.8496,240.2187,-5408.2871
Argentina,2010,64467.4819877551,-6285.6049,391.4431,-7362.8525
Argentina,2011,60411.82179302326,-10149.4354,452.7081,-10602.1434
Argentina,2012,60504.97660612244,-7488.8976,515.0018,-8003.8994
Argentina,2013,62404.08370232558,-10715.7488,531.8336,-11247.5824
Argentina,2014,62495.98502325582,-12177.6851,473.1053,-12650.7905
Argentina,2015,62793.559741860474,-10477.0168,675.1575,-11152.1743
Argentina,2016,57426.555813953484,-4456.6097,483.8963,-4940.506
Argentina,2017,58840.40669534884,-5028.8963,537.8331,-5566.7294
Argentina,2018,57958.10446511628,-7207.9466,316.846,-7524.7925
Argentina,2019,58342.027360465116,-7845.6652,261.0909,-8106.7561
Argentina,2020,57611.70690465116,-5635.3533,231.3113,-5866.6646
Argentina,2021,59122.38259767442,-12612.2122,224.528,-12836.7402
Argentina,2022,61316.43676046512,-12655.2292,385.7221,-13040.9513
Australia,1986,32085.759875,1623.9502,95.2966,1528.6536
Australia,1987,31255.49634166666,1144.3129,85.1286,1059.1843
Australia,1988,31685.708333333332,1366.5203,86.4385,1280.0818
Australia,1989,33000.26634166667,1457.476,136.7952,1320.6808
Australia,1990,61768.49992033898,1291.8286,127.5753,1164.2533
Australia,1991,61132.83143050848,1188.3597,156.0101,1032.3496
Australia,1992,58987.57637627119,1286.6222,143.1035,1143.5187
Australia,1993,58348.212955932206,1310.4276,152.4871,1157.9405
Australia,1994,58447.33411864407,1387.9682,173.7787,1214.1895
Australia,1995,57250.0667,1301.305,322.187,979.118
Australia,1996,57059.595559322035,1395.1997,313.9686,1081.2311
Australia,1997,57409.336462711864,1252.9043,479.1683,773.736
Australia,1998,58727.74444915254,1074.1533,366.8268,707.3265
Australia,1999,63989.00316271186,1015.8102,374.9246,640.8855
Australia,2000,66667.87691864406,993.9461,383.2344,744.4164
Australia,2001,68629.86704915254,1056.3482,397.9252,780.5305
Australia,2002,67487.00702881356,1254.5262,425.0557,952.5711
Australia,2003,56669.745593220345,1226.8733,529.1674,822.8317
Australia,2004,62299.970047457624,1261.782,630.1649,763.4511
Australia,2005,57781.13155762712,1470.9718,710.8703,899.0539
Australia,2006,63660.625386440675,1626.0109,744.9753,1023.3231
Australia,2007,62780.327099999995,1900.0383,680.058,1367.0818
Australia,2008,58205.81595084746,1604.84,627.0461,1117.8402
Australia,2009,59926.449237288136,1184.021,604.1042,720.0761
Australia,2010,56274.01386610169,1736.5869,752.4071,984.1799
Australia,2011,61757.189562711865,2093.8993,931.9481,1161.9511
Australia,2012,61001.536491525425,1882.4556,1072.9975,809.4582
Australia,2013,49382.518301694916,1838.8963,952.8916,886.0047
Australia,2014,51672.527489830514,1764.9814,1049.9628,715.0186
Australia,2015,50343.57194745763,1629.3717,924.4524,704.9193
Australia,2016,47260.832693220334,1859.1962,1120.6999,738.4963
Australia,2017,53179.10576949153,2485.3876,1376.7738,1108.6138
Australia,2018,53139.558600000004,2164.0348,1225.8,938.2348
Australia,2019,49590.37996779661,1979.9342,914.1775,1065.7567
Australia,2020,46935.92301206896,2206.0636,1289.225,916.8386
Australia,2021,62996.68908139535,2401.1232,1357.5158,1043.6074
Australia,2022,64214.745095348844,2711.7099,1191.0537,1520.6561
Brazil,1986,85724.908525,,,
Brazil,1987,88083.42513333332,,,
Brazil,1988,90034.95523333333,,,
Brazil,1989,92477.36536666668,,,
Brazil,1990,297266.6640612245,,,
Brazil,1991,298053.8339387755,,,
Brazil,1992,302837.13858163264,,,
Brazil,1993,305483.27006530616,,,
Brazil,1994,295150.428184,,,
Brazil,1995,330597.1396612245,-3634.7197,2343.4026,-5978.1224
Brazil,1996,328738.373584,-78.5431,2643.1646,-2725.0561
Brazil,1997,326663.26895399997,663.9574,3243.2151,-2613.5785
Brazil,1998,336649.21898199996,4087.4716,2914.3843,1119.9247
Brazil,1999,337191.18650799996,-282.8677,1617.6292,-1904.6133
Brazil,2000,323478.92791764706,5293.7947,1479.188,3780.8554
Brazil,2001,359742.637408,4061.3301,1541.7413,2458.2811
Brazil,2002,378560.327184,4150.5891,1041.5852,3100.5759
Brazil,2003,401204.454652,4876.4014,763.8002,4112.6012
Brazil,2004,412377.741722,4396.8591,1235.3226,3148.6733
Brazil,2005,391466.21517399995,6464.1766,1565.6494,4745.8554
Brazil,2006,368760.114124,7385.6164,1907.3287,4689.6634
Brazil,2007,367926.79478399997,7774.9714,1819.4746,5294.436
Brazil,2008,370040.870974,7771.013,2173.3021,4989.8469
Brazil,2009,350232.296054,10239.9409,2397.661,6833.3321
Brazil,2010,341535.89861960785,11955.3818,2933.3948,7260.2957
Brazil,2011,242091.650246,13989.9633,2985.5522,9569.2434
Brazil,2012,221865.19800980392,11935.8414,2928.4387,7615.0332
Brazil,2013,247840.363472,9091.2041,2960.9672,4891.8017
Brazil,2014,249550.429532,8112.5317,2852.1443,4074.1649
Brazil,2015,232110.521,5977.8148,1792.1349,3167.2665
Brazil,2016,258272.4499068182,7850.8182,2013.4568,4946.5795
Brazil,2017,261311.95169767443,6469.9583,2014.7457,3340.8521
Brazil,2018,255617.98847674418,5146.3273,1884.213,2266.6294
Brazil,2019,259786.50781162793,4819.1535,1866.7255,2055.8124
Brazil,2020,262681.9685604651,4033.9558,1237.5692,2061.3551
Brazil,2021,268999.0967372093,7627.8426,1197.4911,5775.387
Brazil,2022,272428.53055348835,9903.3456,1435.1961,7698.7879
Canada,1986,13018.498618181819,7203.0964,1109.3165,6008.1475
Canada,1987,12723.889836363638,6474.7758,969.1666,5503.975
Canada,1988,12473.973718181818,5573.2272,1060.6814,4507.517
Canada,1989,12935.83780909091,5730.3457,1331.3876,4394.7025
Canada,1990,55180.89591851852,6446.4906,1191.0641,4714.3169
Canada,1991,54559.90837777778,6989.4001,1376.0955,5609.9982
Canada,1992,56070.25443703704,5175.53,1171.4496,4004.0702
Canada,1993,56810.52016666667,4551.9014,1156.4615,3395.4399
Canada,1994,57982.56988333333,4005.1009,1054.4548,2950.6461
Canada,1995,58655.62314,3875.2048,1018.8309,2856.3739
Canada,1996,59899.90279272727,3673.299,1034.5448,2628.7031
Canada,1997,60405.28210545455,3442.8318,1044.0363,2398.7956
Canada,1998,61921.47219454545,3643.7221,970.0837,2673.6383
Canada,1999,62302.65887272727,4162.6851,1196.9979,2965.6872
Canada,2000,63708.047887272725,5598.5059,1299.5616,4298.9442
Canada,2001,79774.65643818182,5198.4842,1400.1864,3797.1714
Canada,2002,80318.54983090909,6002.6193,1408.9929,4593.6264
Canada,2003,82442.85835272727,6361.4996,1544.5638,4762.8282
Canada,2004,85066.17432407408,5408.4025,1305.5464,4102.8562
Canada,2005,84478.99504545455,6458.9925,1773.6061,4685.3698
Canada,2006,84621.85401090908,6250.0388,1582.6269,4667.3767
Canada,2007,85519.93548727273,6185.4058,1747.2838,4432.0024
Canada,2008,83738.34445636364,5070.0325,1371.0014,3699.0311
Canada,2009,80735.52063999999,5815.2729,1442.2976,4372.9664
Canada,2010,81218.27415272727,6602.5687,1729.7511,4872.435
Canada,2011,68672.96572727273,6738.8279,1784.3771,4953.5218
Canada,2012,68917.88248545455,7084.751,1824.9026,5258.2223
Canada,2013,70161.66627454545,5404.7362,1727.7124,3674.3151
Canada,2014,71410.06114545454,4716.4464,1570.7153,3143.5098
Canada,2015,71738.96693818181,5181.7923,1569.9842,3611.7578
Canada,2016,65518.12146545454,5409.1987,1536.5338,3872.6649
Canada,2017,67761.64841818181,4757.4246,1539.0399,3218.3847
Canada,2018,68784.87865272728,4678.4522,1425.1811,3253.2712
Canada,2019,68472.39835636363,5536.1029,1465.1122,4053.5745
Canada,2020,66179.35975740741,5883.3492,1531.7882,4220.0113
Canada,2021,86413.80926428571,8078.7354,1642.0567,6335.0198
Canada,2022,87447.92101190476,6935.3592,1995.1613,4874.4303
Chile,1986,2762.2693,,,
Chile,1987,2864.3657,,,
Chile,1988,2925.037291666667,,,
Chile,1989,2912.941316666667,,,
Chile,1990,3805.2364127659575,,,
Chile,1991,5164.40048292683,,,
Chile,1992,5388.555885365854,,,
Chile,1993,4895.675740425532,,,
Chile,1994,4502.359956249999,,,
Chile,1995,6388.098852380952,277.7163,20.7266,256.9897
Chile,1996,7117.882507142857,319.1848,68.9268,250.258
Chile,1997,7980.746636585366,436.4067,107.7265,328.6801
Chile,1998,7837.428133333333,576.0524,120.8947,455.1577
Chile,1999,8276.001835714285,568.5537,131.3932,437.1604
Chile,2000,6103.943491666666,696.1138,128.4329,567.6809
Chile,2001,5774.2955560975615,390.7178,110.2427,280.4751
Chile,2002,5930.657658536585,449.2623,96.4601,352.8022
Chile,2003,5724.906904651163,272.1926,74.2939,197.8987
Chile,2004,6231.317893023256,279.4526,79.1273,200.3253
Chile,2005,6495.941404651163,338.3636,103.3227,235.0408
Chile,2006,6030.060020408163,342.8446,114.8931,227.9515
Chile,2007,7144.456069767442,350.0189,132.476,217.5429
Chile,2008,7363.365413953488,340.6652,156.3985,184.2667
Chile,2009,6859.695853488372,471.4338,223.8763,247.5575
Chile,2010,5312.184395918367,478.2732,261.8115,216.4617
Chile,2011,3898.0317906976743,542.0386,286.5134,255.5252
Chile,2012,4143.2369139534885,590.6956,277.53,313.1656
Chile,2013,2190.4849408163263,614.9127,299.3042,315.6086
Chile,2014,3261.023865116279,621.4331,310.8816,310.5515
Chile,2015,3605.4481279069773,719.9701,359.3471,360.6231
Chile,2016,4246.477663265306,689.5394,364.2157,325.3238
Chile,2017,6444.505574418606,749.8967,383.1876,366.7091
Chile,2018,3299.903756,721.2132,392.9439,328.2692
Chile,2019,7143.072334883721,739.001,406.3751,332.6259
Chile,2020,6305.991565116279,630.1736,356.7076,273.466
Chile,2021,7001.8691860465115,702.396,379.5143,322.8817
Chile,2022,6816.890725581395,724.3711,392.0456,332.3254
China,1986,144632.43040833334,,,
China,1987,154161.25000833333,,,
China,1988,158568.32434999998,,,
China,1989,163974.77698333334,,,
China,1990,393337.0016116279,,,
China,1991,406916.2206744186,,,
China,1992,415584.4223883721,,,
China,1993,428431.4889162791,,,
China,1994,431315.51195217395,,,
China,1995,491253.0267023256,13394.7709,3525.3864,9648.514
China,1996,511423.4963255814,5785.033,4309.9387,1285.0131
China,1997,500943.3080860465,9349.4535,5744.9201,3405.6629
China,1998,495803.74020697677,13016.1785,9320.9021,3504.6695
China,1999,513956.7770744186,6326.6522,9267.9532,-3244.0233
China,2000,522386.0638627907,23180.5769,12829.9578,10043.9034
China,2001,531909.9528232558,28703.2086,14142.2943,14468.7799
China,2002,562349.2034558139,33912.2165,11771.7651,22119.9406
China,2003,628042.2633395349,34390.3306,10987.4315,23389.2121
China,2004,677252.6901093023,32377.1899,11757.592,20607.1528
China,2005,707872.1720066667,38374.5391,11203.0566,27162.3505
China,2006,796638.3099232558,55605.5722,12653.1876,42942.991
China,2007,839075.5537046511,61073.0386,13205.2781,47859.9198
China,2008,877828.4502023256,35891.4536,13295.1859,22585.0488
China,2009,913025.7719209301,79960.7767,16860.6126,63089.4157
China,2010,917501.7773130436,100650.1292,15635.4624,85014.6668
China,2011,1023064.2950906976,89476.9285,16085.5429,73391.3856
China,2012,994865.1597739131,156992.9438,21038.2589,135954.6849
China,2013,1071731.7979372093,179075.7689,23567.4172,155508.3517
China,2014,1015026.9463108695,186417.3195,27089.9331,159327.3864
China,2015,1073320.3941697674,240530.0223,40852.8594,199677.1629
China,2016,1071550.0730069766,225162.2277,34125.5594,191036.6683
China,2017,1091411.9909255812,214405.4582,33960.2304,180445.2278
China,2018,1118747.0418093025,187800.4714,30366.8168,157433.6547
China,2019,1144716.6903976745,200491.3586,26380.2066,174111.152
China,2020,1167512.6210744185,251922.8844,31029.6116,220893.2727
China,2021,1205636.4966534884,273510.0128,27341.2704,246168.7424
China,2022,1208592.451555814,294419.7702,30155.7981,264263.9721
Colombia,1986,14960.819258333335,,,
Colombia,1987,15290.877416666664,,,
Colombia,1988,15581.953691666668,,,
Colombia,1989,15952.101708333334,,,
Colombia,1990,33989.652659183674,,,
Colombia,1991,29792.533128301886,,,
Colombia,1992,31960.443494117644,,,
Colombia,1993,31759.640859615385,,,
Colombia,1994,32051.50951111111,,,
Colombia,1995,32010.055935294116,2547.6972,229.1022,2318.5949
Colombia,1996,31582.000901923075,2965.591,287.5825,2678.0085
Colombia,1997,31989.24267115385,3441.117,236.8892,3204.2277
Colombia,1998,32176.67079615385,3355.4537,183.4928,3171.9609
Colombia,1999,30918.304640384617,3166.3523,110.372,3055.9803
Colombia,2000,31627.87836181818,2552.3233,110.5764,2441.7469
Colombia,2001,30345.2087,2936.5948,246.7601,2689.8347
Colombia,2002,30378.01139615385,3576.1566,147.5802,3428.5764
Colombia,2003,30871.11479423077,1471.6904,64.1698,1407.5205
Colombia,2004,31293.718352727275,1734.0139,106.3556,1627.6582
Colombia,2005,31197.582442307692,2664.9071,226.53,2438.377
Colombia,2006,31330.2335,2174.1847,200.3983,1973.7864
Colombia,2007,31879.45673269231,2173.7949,255.8323,1917.9626
Colombia,2008,32042.944849999996,3164.0777,266.4425,2897.6352
Colombia,2009,32580.72540192308,3522.7303,364.6643,3158.0659
Colombia,2010,33330.3756076923,3727.3117,301.6393,3425.6725
Colombia,2011,29154.649242307692,4006.6549,524.19,3482.4649
Colombia,2012,28826.319734615387,5552.5088,799.6059,4752.9029
Colombia,2013,29169.05378076923,5050.3781,861.5601,4188.818
Colombia,2014,29871.910965384617,4547.0172,610.0229,3936.9943
Colombia,2015,34271.35695348837,4442.3725,593.6537,3848.7188
Colombia,2016,39120.65289534884,3933.4896,380.7508,3552.7388
Colombia,2017,39353.109355813955,2774.4524,478.5602,2295.8921
Colombia,2018,40259.96523023256,3336.7607,479.202,2857.5587
Colombia,2019,41330.314253488374,3607.8218,384.9101,3222.9117
Colombia,2020,41515.1506627907,2632.9648,269.4772,2363.4877
Colombia,2021,42681.81320232558,1292.3379,435.8163,856.5216
Colombia,2022,43286.10606744186,1452.4699,257.2093,1195.2606
Costa Rica,1986,1435.51425,,,
Costa Rica,1987,1432.1811916666666,,,
Costa Rica,1988,1394.07305,,,
Costa Rica,1989,1385.9735416666665,,,
Costa Rica,1990,1980.8898083333333,,,
Costa Rica,1991,2092.9648309523814,,,
Costa Rica,1992,2136.940307142857,,,
Costa Rica,1993,2158.522495238095,,,
Costa Rica,1994,2199.944226190476,,,
Costa Rica,1995,2065.6203095238097,83.4523,7.7261,75.7262
Costa Rica,1996,2009.5749583333334,43.343,4.2353,39.1076
Costa Rica,1997,2074.4027214285716,72.8899,5.8,67.0899
Costa Rica,1998,2129.4582238095236,77.6414,5.9336,71.7078
Costa Rica,1999,2083.3530476190476,132.5577,4.5439,128.0138
Costa Rica,2000,1922.0923770833333,208.1202,21.5025,186.6177
Costa Rica,2001,1543.1189833333333,204.0524,24.3937,179.6587
Costa Rica,2002,1560.8394357142859,223.6901,21.0463,202.6438
Costa Rica,2003,1605.8699404761905,144.8932,17.2346,127.6586
Costa Rica,2004,1565.8442547619047,121.1598,15.6052,105.5546
Costa Rica,2005,1505.58053125,136.3941,15.6473,120.7468
Costa Rica,2006,1595.9084523809524,188.0716,16.8143,171.2572
Costa Rica,2007,1755.4152690476192,94.4024,20.285,74.1174
Costa Rica,2008,1798.3028404761903,132.9452,21.8396,111.1057
Costa Rica,2009,1739.307973809524,173.7082,34.579,139.1292
Costa Rica,2010,1771.7552238095238,333.8359,43.2235,290.6124
Costa Rica,2011,1155.4918214285713,402.9575,40.2151,362.7425
Costa Rica,2012,1132.0687357142856,280.0365,45.6362,234.4003
Costa Rica,2013,1189.790630952381,297.8028,52.3139,245.489
Costa Rica,2014,1162.0933571428573,240.1301,50.8055,189.3247
Costa Rica,2015,1164.3789761904761,421.8286,75.9218,345.9068
Costa Rica,2016,1263.0408166666666,335.1817,70.2612,264.9205
Costa Rica,2017,1294.3923071428571,231.8773,62.6617,169.2156
Costa Rica,2018,1347.1758214285715,238.3031,58.0414,180.2617
Costa Rica,2019,1353.8118523809524,359.5382,57.3216,302.2166
Costa Rica,2020,1193.3675047619047,335.6887,56.7555,278.9332
Costa Rica,2021,1399.4727880952382,252.3795,62.5579,189.8216
Costa Rica,2022,1450.914788095238,198.1395,62.8908,135.2487
European Union (27),1986,135436.23407500001,97814.3274,7538.5125,85787.1505
European Union (27),1987,132707.558575,104215.4312,8890.605,90833.8557
European Union (27),1988,132504.68899999998,95166.2182,8281.2751,82318.9591
European Union (27),1989,131367.6154,82675.1998,9799.5524,68519.9381
European Union (27),1990,329966.7945948276,99018.8639,13297.1308,80653.1361
European Union (27),1991,321540.386387931,115071.0013,12982.5898,96800.8153
European Union (27),1992,320992.5555896552,103172.7059,11234.8033,86312.4697
European Union (27),1993,327884.00378793105,99861.0164,7368.5025,87653.6835
European Union (27),1994,323247.0588965517,97499.2705,5862.8196,87384.5276
European Union (27),1995,326096.6231844828,102037.5587,7722.6985,90716.6701
European Union (27),1996,332044.0886379311,101343.7443,8580.068,88365.6606
European Union (27),1997,327170.14908448275,98581.133,9636.1513,84906.8485
European Union (27),1998,325739.59854482755,105105.1044,8824.1721,92195.098
European Union (27),1999,321227.6738862069,111122.3324,8776.5681,98352.94
European Union (27),2000,323759.6658862069,98923.9194,8430.547,86659.7116
European Union (27),2001,324153.8553706897,97092.0109,9454.1655,83900.8889
European Union (27),2002,322306.810225862,102817.7156,9367.3876,89491.4144
European Union (27),2003,326032.9978017241,103361.7973,8661.9224,90813.2126
European Union (27),2004,325724.2834172414,116338.4526,11300.9407,101775.136
European Union (27),2005,322503.09615862067,108403.6298,11956.8169,93595.632
European Union (27),2006,322761.01212931034,105899.1363,11575.7916,93151.062
European Union (27),2007,322350.90817068965,99342.7877,11801.1417,86449.9723
European Union (27),2008,314453.02401896555,99262.1787,14193.4674,84424.8692
European Union (27),2009,295960.10851896554,95605.7999,11542.87,83341.2662
European Union (27),2010,302564.9975793103,88413.1176,11807.5346,75726.469
European Union (27),2011,277282.8890086207,90019.1079,12420.7588,76775.2588
European Union (27),2012,272276.4903827586,97914.1857,13073.4354,84563.2723
European Union (27),2013,268595.4512241379,102595.3746,12293.7503,89503.656
European Union (27),2014,261446.73249310345,88952.5132,11219.5848,77353.0569
European Union (27),2015,264479.9614775862,94384.5675,11650.4057,82430.8502
European Union (27),2016,287115.2448103448,91079.8408,10360.8454,80352.6076
European Union (27),2017,290720.1484465517,92849.4267,10314.9347,82198.3427
European Union (27),2018,285783.6658844828,98813.8129,10806.2903,87655.2336
European Union (27),2019,276689.2043275862,99831.6129,11274.9607,88281.4323
European Union (27),2020,260154.58476551724,98087.0945,12748.5141,84898.463
European Union (27),2021,351465.71581627906,88687.0249,12155.2332,76154.0967
European Union (27),2022,344365.9387883721,96406.1038,12295.5965,83807.7532
Iceland,1986,192.98963999999998,200.0791,13.2522,161.9641
Iceland,1987,183.28375,233.3336,12.1424,187.3539
Iceland,1988,181.86317,258.8068,21.9838,173.7965
Iceland,1989,181.96289,245.901,15.4102,161.7904
Iceland,1990,692.2429980769231,220.1192,17.0783,139.5561
Iceland,1991,681.594151923077,242.339,17.1266,159.4897
Iceland,1992,624.8786634615385,223.2251,13.59,145.0441
Iceland,1993,643.6840557692308,152.3658,12.0273,125.5886
Iceland,1994,646.116301923077,120.8307,10.5673,104.7183
Iceland,1995,632.8030884615384,112.2106,9.7874,96.613
Iceland,1996,660.1644096153846,115.9706,10.3859,101.9069
Iceland,1997,655.1088480769231,131.841,13.3357,114.955
Iceland,1998,658.0391999999999,173.8269,14.2366,155.9693
Iceland,1999,658.7457057692308,182.8103,17.3843,162.0742
Iceland,2000,660.1887903846153,174.6451,14.9062,155.4831
Iceland,2001,654.8266653846154,148.1088,10.4111,135.4549
Iceland,2002,670.8923634615385,175.5592,11.8257,160.6104
Iceland,2003,667.6670057692307,161.0558,12.0386,145.3276
Iceland,2004,652.1692226415095,169.5947,12.7928,153.2625
Iceland,2005,652.0866830188679,219.4415,14.8713,199.2809
Iceland,2006,649.1581407407408,199.4893,12.7851,183.4793
Iceland,2007,677.718751851852,171.5404,11.7001,156.4951
Iceland,2008,689.2977111111111,137.7513,8.2661,126.782
Iceland,2009,689.8343796296296,101.4129,5.4965,93.7977
Iceland,2010,678.514024074074,102.7209,5.7382,94.6911
Iceland,2011,679.9962452830189,107.4185,5.1178,99.884
Iceland,2012,664.3992277777777,121.601,5.6956,113.356
Iceland,2013,675.0645574074074,116.3809,5.8514,110.1391
Iceland,2014,672.205962962963,155.0053,6.3267,148.2571
Iceland,2015,685.2672629629631,188.1855,7.1907,180.543
Iceland,2016,684.1816132075472,221.6168,10.0369,211.0743
Iceland,2017,669.1183944444443,239.1234,9.8729,228.6838
Iceland,2018,676.1872584905659,218.9836,9.6302,208.959
Iceland,2019,671.3372660377358,210.9434,9.217,201.4789
Iceland,2020,551.6268905660378,182.0893,8.2722,173.597
Iceland,2021,736.682625,171.6312,6.6358,164.4426
Iceland,2022,770.29396,183.7609,7.4875,175.7855
India,1986,152316.24645,,,
India,1987,149492.33306666664,,,
India,1988,156082.93869166667,,,
India,1989,157896.96651666667,,,
India,1990,186552.40387674418,,,
India,1991,192952.0227976744,,,
India,1992,198411.15998372092,,,
India,1993,202314.0569,,,
India,1994,198722.61388775508,,,
India,1995,214877.06949069767,,,
India,1996,221787.44401395347,,,
India,1997,226941.23551627906,,,
India,1998,230929.36154186045,,,
India,1999,236740.4207837209,,,
India,2000,220436.75467959183,9147.4717,3433.5854,2356.535
India,2001,262445.29255813954,3897.219,4039.2784,-4814.826
India,2002,261473.2634116279,3394.6403,4029.1025,-6351.0761
India,2003,269589.19675813953,1873.6972,4172.8979,-7441.7779
India,2004,277771.1218604651,-6550.4546,4489.3853,-16051.5115
India,2005,286369.3751813953,-7208.0848,5291.4009,-17156.0751
India,2006,297131.10420465114,-8687.9887,6154.6634,-19628.4975
India,2007,306231.93441162794,-20831.618,7682.5503,-34811.7606
India,2008,318803.08674418606,-16452.2771,7963.7504,-31747.4343
India,2009,333049.4637790698,-1757.6993,8048.0577,-19882.7448
India,2010,308945.13748367346,-17427.2125,9994.7185,-39236.7332
India,2011,340410.0834372093,-48420.1949,9469.1367,-70100.4525
India,2012,355169.0503813954,-42205.8889,9707.8545,-65525.5375
India,2013,361237.824844186,-53516.4923,8802.7207,-75534.9531
India,2014,379449.5310511628,-14828.1883,8957.2095,-39923.7194
India,2015,377501.83378913044,21056.7175,12926.3705,-13036.664
India,2016,375176.58636304346,1913.9667,13467.5409,-28085.6916
India,2017,403937.26527441863,15528.5276,14072.3551,-13910.6987
India,2018,417305.1381348838,-1130.1427,13762.8121,-28486.7018
India,2019,426556.9332418605,7680.6208,14305.7335,-21660.8581
India,2020,410955.1247744186,44231.8256,14587.6209,-35685.2443
India,2021,430892.21687441866,-28135.16,14934.1324,-68313.5416
India,2022,442815.39801162796,-40059.4566,16684.1387,-90260.6412
Indonesia,1986,27051.94244166667,,,
Indonesia,1987,27074.808108333335,,,
Indonesia,1988,27846.764225000003,,,
Indonesia,1989,28544.546883333333,,,
Indonesia,1990,195156.7812369565,,,
Indonesia,1991,195248.98189787235,,,
Indonesia,1992,197055.56891702127,,,
Indonesia,1993,191868.56015957447,,,
Indonesia,1994,185514.936886,,,
Indonesia,1995,208740.7289046512,1347.9706,411.1842,924.6139
Indonesia,1996,183781.87503023256,1432.7248,406.3747,1006.783
Indonesia,1997,344755.9001418605,-1144.1445,310.5134,-1472.3453
Indonesia,1998,212263.8216860465,-10286.7977,76.2939,-11287.7013
Indonesia,1999,193387.24502093025,-723.4562,132.4936,-1039.5383
Indonesia,2000,178955.31007037035,1590.7686,154.6968,1150.0273
Indonesia,2001,112400.4804125,1492.5795,849.7473,377.5976
Indonesia,2002,191425.76496041668,4368.0463,1023.4761,2831.3407
Indonesia,2003,135391.94569375,4432.6471,1144.2105,2803.5221
Indonesia,2004,194661.0207,2943.0163,707.1767,1800.5128
Indonesia,2005,155442.86856875,1563.0326,593.2766,442.5182
Indonesia,2006,222502.6797666667,7159.5499,1019.0017,5678.0235
Indonesia,2007,132898.5690125,7737.8356,852.2129,6359.3594
Indonesia,2008,135655.54438333333,-4383.3416,942.2114,-6217.056
Indonesia,2009,196960.5322125,5334.5884,1916.2783,2461.9598
Indonesia,2010,136461.41658541668,19001.8241,2550.2449,15272.5986
Indonesia,2011,222300.43152708336,15324.7298,2659.3531,11412.1396
Indonesia,2012,230811.92861666667,19643.9267,2829.2986,15224.7792
Indonesia,2013,219945.60541041664,21909.9543,2667.6023,17778.2739
Indonesia,2014,273830.9250583333,23703.4811,2352.632,20150.5265
Indonesia,2015,302209.1560083333,30376.0242,3255.2023,25592.3432
Indonesia,2016,180984.11791176474,32206.9108,2354.2004,26474.9769
Indonesia,2017,184582.10268333333,30889.083,2222.7449,25772.8686
Indonesia,2018,226746.836,20723.7885,897.8746,18682.7046
Indonesia,2019,269909.56182708335,22156.6861,1859.7057,19017.8922
Indonesia,2020,201075.0866162791,17081.3411,1615.1027,14224.3524
Indonesia,2021,197956.20555813954,7126.2823,477.8055,3982.0065
Indonesia,2022,212646.3529883721,4114.2113,627.0163,2423.9485
Israel,1986,379.13056363636366,,,
Israel,1987,388.72071818181826,,,
Israel,1988,377.90658181818185,,,
Israel,1989,370.5590545454545,,,
Israel,1990,3793.188471428572,,,
Israel,1991,3835.32885,,,
Israel,1992,4299.073673809524,,,
Israel,1993,4500.583833333333,,,
Israel,1994,4810.326309523809,,,
Israel,1995,5080.8437952380955,681.1034,93.1924,587.9109
Israel,1996,4816.784878723404,676.7358,97.9011,578.8347
Israel,1997,5518.085238095237,744.5423,103.9694,640.5729
Israel,1998,5674.513345238095,690.7471,85.5462,605.2009
Israel,1999,5629.67764047619,688.0626,76.6942,611.3684
Israel,2000,5558.36545106383,934.826,101.1923,833.6337
Israel,2001,6383.268947619048,951.7708,124.0501,827.7206
Israel,2002,6168.472880952382,666.5281,102.5195,564.0087
Israel,2003,5852.484861702128,458.4058,89.1831,369.2228
Israel,2004,5750.11385106383,366.746,83.0035,283.7424
Israel,2005,5598.585204255319,455.5082,78.5137,376.9946
Israel,2006,6031.476606382978,337.1891,79.7533,257.4358
Israel,2007,6094.690531914894,164.4658,102.5784,61.8874
Israel,2008,6484.387546808511,790.9094,93.2552,697.6542
Israel,2009,6110.490061702128,733.1475,114.4089,618.7387
Israel,2010,6504.79025106383,809.1164,137.0718,672.0446
Israel,2011,6643.618829787234,806.0199,126.1522,679.8677
Israel,2012,7105.867470212766,524.8794,138.5482,386.3312
Israel,2013,6426.980387234043,569.2306,126.6438,442.5867
Israel,2014,6227.560219148937,791.4301,132.3647,659.0654
Israel,2015,6649.7740659574465,1079.8895,166.3716,913.5179
Israel,2016,7193.20783488372,1212.9336,161.5167,1051.4169
Israel,2017,7006.539911627908,1065.5559,182.7256,882.8302
Israel,2018,7153.187134883721,819.6842,191.0941,628.5901
Israel,2019,7283.648614285715,1044.1191,218.428,825.691
Israel,2020,7205.592135714285,1291.3377,266.5572,1024.7805
Israel,2021,7404.194761904761,1303.3192,229.7159,1073.6034
Israel,2022,7739.151407142857,1472.7706,254.2469,1218.5237
Japan,1986,8426.984999999999,49613.6169,7035.5309,42662.0427
Japan,1987,8123.269266666666,45955.362,7867.5119,38187.3833
Japan,1988,8008.207808333334,49218.9665,8745.31,40581.6558
Japan,1989,8008.38705,48063.3067,8553.6601,39327.3014
Japan,1990,69869.01709137931,37393.0961,7393.9816,29850.0532
Japan,1991,69968.87938793103,41294.0683,8701.4263,32429.6232
Japan,1992,71448.67523448275,47411.2368,10032.2976,37214.8538
Japan,1993,70821.09174655173,58347.9456,14384.04,43758.1026
Japan,1994,74846.44914482758,72251.9611,15809.7188,56232.7698
Japan,1995,75636.94972413794,69820.865,18797.8163,50810.7993
Japan,1996,76589.0731862069,55602.8193,14597.7427,40819.7433
Japan,1997,76074.19951206897,49764.6093,13369.0102,36212.5546
Japan,1998,73298.96295172413,50811.7598,14740.1462,35979.3969
Japan,1999,74685.0705913793,56911.9455,12124.5587,44712.3927
Japan,2000,75414.82573965516,69388.5334,14559.6091,54777.6051
Japan,2001,72513.0088637931,59236.729,13125.2932,46080.1843
Japan,2002,73622.53417241378,54560.0708,11936.6058,42592.9685
Japan,2003,74610.94760172412,49031.6965,10939.5962,38062.3241
Japan,2004,76051.03411724139,42684.5113,8551.7776,34102.9645
Japan,2005,74896.08721206896,39958.9975,7442.631,32500.2935
Japan,2006,74440.67382068966,35433.3116,6605.2305,28814.8661
Japan,2007,75599.87305689655,31108.3229,7297.9727,23798.5637
Japan,2008,72795.78232931034,33911.1464,7493.2272,26405.3495
Japan,2009,66941.60644655173,37396.9421,7747.5196,29634.8067
Japan,2010,70665.57019482758,44192.1767,6352.9066,37828.946
Japan,2011,74976.20309137931,47268.0197,9056.9217,38203.5191
Japan,2012,76834.37538275862,53989.5177,8992.5195,44989.8823
Japan,2013,77811.56716034483,39461.6781,7441.2384,32014.8053
Japan,2014,75595.57759999999,33244.9589,6442.6639,26796.4562
Japan,2015,73569.5213775862,34240.8559,7168.4048,27065.7463
Japan,2016,73697.40762413792,42935.2718,8465.4612,34463.8265
Japan,2017,73508.98234482759,41936.5483,8398.6096,33533.1941
Japan,2018,70961.80456724139,39022.1528,7752.4988,31265.0505
Japan,2019,69327.29108103448,42708.3614,9297.4828,33405.9631
Japan,2020,66444.22831929824,46281.1502,10902.7961,35373.4224
Japan,2021,90436.10277441861,36440.3478,8771.3573,27664.3686
Japan,2022,90436.51977906976,30967.242,8763.7018,22199.49
Kazakhstan,1986,,,,
Kazakhstan,1987,,,,
Kazakhstan,1988,,,,
Kazakhstan,1989,,,,
Kazakhstan,1990,,,,
Kazakhstan,1991,,,,
Kazakhstan,1992,26701.773551851853,,,
Kazakhstan,1993,23894.42497222222,,,
Kazakhstan,1994,22665.137587037036,,,
Kazakhstan,1995,19179.459707407408,288.5887,1.1278,287.461
Kazakhstan,1996,16816.054783333333,-43.321,1.4606,-44.7816
Kazakhstan,1997,15480.132481481483,55.7055,29.9754,25.7301
Kazakhstan,1998,14802.620200000001,671.9398,31.3848,640.555
Kazakhstan,1999,14116.06142037037,135.3696,22.97,112.3996
Kazakhstan,2000,15027.22219074074,390.1535,45.2338,344.9197
Kazakhstan,2001,15673.995501851852,191.7205,84.4648,107.2557
Kazakhstan,2002,17090.62164814815,580.0919,88.8442,491.2477
Kazakhstan,2003,16360.989346296295,-235.7152,84.191,-320.7477
Kazakhstan,2004,18513.75460925926,82.7587,82.8953,-4.9045
Kazakhstan,2005,18867.42657777778,765.9995,97.0076,659.2616
Kazakhstan,2006,21032.603149056602,824.607,112.3781,698.0721
Kazakhstan,2007,21509.98942037037,393.5861,123.9514,258.1693
Kazakhstan,2008,22167.283487037035,386.7369,152.5288,210.0903
Kazakhstan,2009,20784.495372222224,1239.9457,157.2714,1064.0247
Kazakhstan,2010,23271.803103703704,1090.1062,273.787,784.3834
Kazakhstan,2011,22818.961964814815,1854.1758,299.5501,1518.4582
Kazakhstan,2012,21976.82424814815,1986.2407,344.0015,1625.1561
Kazakhstan,2013,22370.096114814816,2276.1455,483.3194,1772.4078
Kazakhstan,2014,21836.366014814816,1077.9717,450.5609,592.9348
Kazakhstan,2015,21816.01659074074,2055.3216,373.6647,1638.8665
Kazakhstan,2016,23004.86452962963,31.0693,248.2637,-234.9489
Kazakhstan,2017,25490.690887037035,848.3361,269.5041,562.9877
Kazakhstan,2018,23694.684701851853,814.5956,299.5013,503.0707
Kazakhstan,2019,23378.385874074072,1705.1731,255.6347,1250.0144
Kazakhstan,2020,22452.568218867927,1216.5681,261.2295,916.7984
Kazakhstan,2021,27827.909258139538,1092.9786,185.027,864.658
Kazakhstan,2022,27703.64375581395,828.6595,243.3781,571.4321
Mexico,1986,25269.89575,,,
Mexico,1987,24842.464125,,,
Mexico,1988,24408.392283333334,,,
Mexico,1989,25515.0527,,,
Mexico,1990,55343.85965510204,,,
Mexico,1991,56162.225981632655,7861.5095,704.8471,6661.5159
Mexico,1992,56301.63761224489,8565.0312,804.526,6980.1987
Mexico,1993,57427.05416326531,10527.5226,1050.28,8678.9071
Mexico,1994,58904.85377959184,7959.7823,918.5763,5829.164
Mexico,1995,58146.230871428575,-2.312,386.8168,-781.2001
Mexico,1996,59897.99653061225,1592.9624,245.4259,917.3604
Mexico,1997,62949.163630612245,4698.2834,291.0082,3727.6134
Mexico,1998,66678.04094285714,5551.5268,345.7659,4574.1835
Mexico,1999,64734.540565306124,6425.9374,449.0874,5373.5094
Mexico,2000,65592.54461428571,10299.57,647.9109,8922.6819
Mexico,2001,57917.563289795915,9344.6883,719.0405,8381.8694
Mexico,2002,58145.01916938775,11318.2514,660.594,10493.7279
Mexico,2003,60812.012063265305,7190.3605,781.4683,6314.3524
Mexico,2004,59892.82431632653,5024.0143,665.1489,4214.0972
Mexico,2005,62621.70552244898,5702.732,663.6496,4887.6285
Mexico,2006,65365.34993125,5381.1492,624.0827,4557.2146
Mexico,2007,65764.35856326531,5921.1656,727.5915,4836.6755
Mexico,2008,69429.33841428571,5639.2926,567.982,4695.8467
Mexico,2009,68226.67129183674,4811.5437,546.7062,4053.0375
Mexico,2010,66239.66960408163,6009.5838,557.0123,5251.9751
Mexico,2011,75092.03854693878,6124.0433,571.0985,5327.1376
Mexico,2012,74222.27887346939,6886.4878,737.1347,5740.3285
Mexico,2013,75135.27559795919,5943.4827,722.2114,4765.0991
Mexico,2014,80746.5632883721,6485.1124,872.4425,5071.738
Mexico,2015,79856.28613023256,6869.1017,763.2554,5559.2886
Mexico,2016,81049.7477511628,5229.727,547.677,4219.7306
Mexico,2017,80318.37651627907,5982.2834,508.7343,5046.7359
Mexico,2018,80304.7795372093,6401.8368,453.4845,5540.5283
Mexico,2019,80717.85325116279,6501.5845,433.0469,5822.7143
Mexico,2020,78780.9930883721,7454.1399,481.2735,6833.9463
Mexico,2021,81664.69985116279,6665.7876,489.625,6034.5161
Mexico,2022,83328.33873488371,6049.0165,645.5022,5165.8715
New Zealand,1986,14178.373227272728,916.8232,122.2729,794.5503
New Zealand,1987,13654.435163636364,378.4948,97.849,280.6458
New Zealand,1988,13718.747318181819,246.1203,104.3589,141.7614
New Zealand,1989,13154.710981818183,172.2065,79.5933,92.6132
New Zealand,1990,8466.115752727274,133.3878,62.6464,70.7414
New Zealand,1991,8334.766949090908,121.2718,64.7945,56.4773
New Zealand,1992,8281.87674,90.5888,54.0097,36.5791
New Zealand,1993,8367.072770909092,89.4763,59.3581,30.1182
New Zealand,1994,8686.08003090909,125.1272,81.4885,43.6386
New Zealand,1995,9012.525316363637,140.3735,85.2295,55.144
New Zealand,1996,8960.669305454547,139.9466,99.9669,39.9797
New Zealand,1997,9135.59092181818,160.2782,111.5722,48.706
New Zealand,1998,8834.879398181818,124.3007,89.4647,34.836
New Zealand,1999,9070.849061818182,129.8451,92.115,37.7301
New Zealand,2000,8966.02836909091,109.2238,85.3488,23.875
New Zealand,2001,9323.974681818181,128.1076,85.8434,42.2642
New Zealand,2002,9549.883820000001,148.0348,106.5096,41.5252
New Zealand,2003,9639.786072727271,181.3362,117.0696,64.2666
New Zealand,2004,9632.088945454545,188.5992,130.2467,58.3524
New Zealand,2005,9584.659301818181,271.8079,161.9188,109.8891
New Zealand,2006,9590.379158181819,238.7511,166.4903,72.2608
New Zealand,2007,9468.581505454546,257.8017,185.2466,72.5551
New Zealand,2008,9260.33548,211.4553,168.8213,42.6339
New Zealand,2009,9181.568854545454,191.5799,162.3656,29.2143
New Zealand,2010,9209.744545454545,311.5819,237.1735,74.4084
New Zealand,2011,9797.761476363636,397.5732,291.5247,106.0486
New Zealand,2012,10142.559876363635,428.3515,334.5104,93.8412
New Zealand,2013,10105.897981818182,397.7428,302.3818,95.3611
New Zealand,2014,10334.766729090908,419.7174,323.733,95.9844
New Zealand,2015,10105.634218181818,421.4198,336.9176,84.5022
New Zealand,2016,10598.13437818182,467.7975,342.2999,125.4976
New Zealand,2017,10650.759274545453,436.9904,353.2649,83.7255
New Zealand,2018,10579.605350909093,411.5058,332.9791,78.5267
New Zealand,2019,10656.618034545454,550.8087,431.4824,119.3263
New Zealand,2020,11189.610546296297,553.0455,356.8026,179.1617
New Zealand,2021,12728.232945238096,519.03,348.0714,151.8235
New Zealand,2022,12418.611690476191,482.19,342.0667,123.2179
Norway,1986,1413.4589727272726,2868.3211,115.9818,2507.086
Norway,1987,1391.2671818181818,2942.3099,116.2786,2625.5565
Norway,1988,1362.1487636363636,2854.2535,117.8499,2576.5766
Norway,1989,1367.9147818181818,2906.8913,124.4833,2607.5523
Norway,1990,3794.4768648148147,3027.387,129.688,2808.786
Norway,1991,3782.013909259259,3175.9916,126.3924,2932.9811
Norway,1992,3661.132025925926,2933.0649,131.56,2726.3811
Norway,1993,3819.0315944444446,2828.9878,126.3719,2653.6015
Norway,1994,3943.4072925925925,2654.6637,122.828,2531.8357
Norway,1995,3775.1761277777778,2468.7355,114.021,2301.0137
Norway,1996,3936.698705555555,2552.6262,133.2264,2347.8459
Norway,1997,4189.540222222222,2667.8239,111.321,2482.3936
Norway,1998,4192.826975925926,2729.2135,116.3744,2542.0429
Norway,1999,4287.170474074074,3044.6118,145.4676,2499.2499
Norway,2000,4226.47545,2668.0121,222.6179,2368.0703
Norway,2001,3732.2873629629635,2569.5204,124.79,2365.3047
Norway,2002,3588.0713037735845,3122.8099,165.1022,2881.9817
Norway,2003,4033.1465056603774,2923.1612,167.8772,2669.4802
Norway,2004,4287.004764150944,2612.6679,125.1316,2397.0305
Norway,2005,4304.884133962264,2691.9628,124.5256,2478.0299
Norway,2006,4278.037086792453,2596.2025,131.1115,2384.7015
Norway,2007,3808.5398018518517,2334.4968,130.22,2125.0821
Norway,2008,4415.2540759259255,2572.8786,126.7827,2373.7507
Norway,2009,4149.010342592593,2675.9201,129.2673,2468.1887
Norway,2010,4320.995051851852,2982.7448,155.1697,2743.9459
Norway,2011,3859.9508481481485,2925.1662,136.8922,2706.2287
Norway,2012,4323.79817962963,3354.115,165.5774,3104.0215
Norway,2013,4529.376175925926,3184.9993,169.5076,2933.1272
Norway,2014,4013.236987037037,3262.4663,164.3745,3010.4818
Norway,2015,4315.835383333333,3189.7422,148.2233,2937.5516
Norway,2016,3985.659977777778,3220.3738,142.2628,2961.1867
Norway,2017,4208.509659259259,2947.0248,147.5033,2681.5141
Norway,2018,4156.86860925926,3030.591,145.2692,2797.152
Norway,2019,3641.1597518518515,2886.8142,141.9172,2636.7906
Norway,2020,4057.6147433962265,2692.8234,132.4263,2443.8185
Norway,2021,5704.883685365854,2820.5159,141.7679,2533.1435
Norway,2022,5690.296639024391,3169.3187,144.6673,2810.5967
OECD,1986,355462.93361666665,260685.7939,22065.4887,219566.5506
OECD,1987,348137.99048333336,248909.2941,23049.4434,209031.0789
OECD,1988,345885.2121333333,238160.7504,24170.7399,195564.6773
OECD,1989,347917.2095583333,238327.2599,27778.4955,191031.4714
OECD,1990,1323883.951083721,236337.3222,29777.8276,188535.8699
OECD,1991,1322813.3383418603,262534.1809,32747.3614,211432.3642
OECD,1992,1329805.962860465,251231.1753,30728.4794,200895.6248
OECD,1993,1352437.7467720932,271013.6093,33069.4469,216429.596
OECD,1994,1368906.0418767442,275122.5664,31483.0081,222423.8106
OECD,1995,1386079.5204511627,253325.6524,36803.9056,197433.0224
OECD,1996,1417198.2532418603,248741.0095,34388.887,193755.3553
OECD,1997,1429586.8446093022,251501.9231,36775.9337,192360.3413
OECD,1998,1429610.0230209304,273126.4973,38099.6523,213001.8375
OECD,1999,1439889.1317302324,303317.5074,37044.2494,243523.8114
OECD,2000,1467139.1478,317434.2938,40836.7692,251791.6947
OECD,2001,1458652.0355930233,302488.202,40902.7761,235997.9189
OECD,2002,1456803.1574651161,295173.3663,38284.9454,230398.1911
OECD,2003,1459710.0675837211,266501.1655,34690.987,207408.8061
OECD,2004,1477611.6174534883,268034.0549,33002.7181,211951.3964
OECD,2005,1471164.4891813954,263489.6511,33996.1437,205702.5817
OECD,2006,1480041.3069744187,252210.8658,34969.3202,194196.8713
OECD,2007,1490578.8492255814,232518.518,32342.0311,178420.5681
OECD,2008,1463211.7389906978,231313.6727,36831.9244,172194.06
OECD,2009,1397014.3088906978,236319.5764,33801.3552,175646.8412
OECD,2010,1423365.083604651,262070.022,35396.3049,194537.2634
OECD,2011,1407807.6164511628,257762.9974,35296.8675,188717.4729
OECD,2012,1392974.0965790697,284599.8731,36792.9085,210317.9273
OECD,2013,1384439.088467442,263705.8966,38176.5166,187882.9212
OECD,2014,1377706.738583721,244612.9421,33794.9475,174590.5744
OECD,2015,1369085.1352511628,272116.0927,37705.306,191317.6262
OECD,2016,1387299.6550651162,276354.7257,38789.7689,194522.817
OECD,2017,1401831.0830023256,269677.9847,39761.5849,188151.236
OECD,2018,1406614.6392813954,273520.4094,38446.6007,195371.8813
OECD,2019,1379513.1403906976,282724.2204,40252.8584,201623.1671
OECD,2020,1294918.3639488372,294152.0508,42361.5976,204315.3726
OECD,2021,1345981.4119348838,304105.9023,42320.0359,205531.4428
OECD,2022,1343667.6546093023,317185.723,46042.1179,193703.1502
Philippines,1986,12304.134283333333,,,
Philippines,1987,12006.651733333334,,,
Philippines,1988,12398.472783333333,,,
Philippines,1989,12683.484158333333,,,
Philippines,1990,17496.445395348837,,,
Philippines,1991,17778.928625581397,,,
Philippines,1992,17865.176837209303,,,
Philippines,1993,18159.094823255815,,,
Philippines,1994,18105.50747755102,,,
Philippines,1995,20208.19843488372,,,
Philippines,1996,20983.74634651163,,,
Philippines,1997,21731.876137209303,,,
Philippines,1998,19880.73120232558,,,
Philippines,1999,21677.327534883723,,,
Philippines,2000,18642.467640816325,2971.5468,313.2487,2658.2981
Philippines,2001,22321.23056744186,2480.6666,217.9463,2262.7203
Philippines,2002,22512.86370232558,2377.5111,264.1867,2113.3244
Philippines,2003,22764.21159534884,1197.338,180.697,1016.641
Philippines,2004,23449.7437,1192.2325,152.5096,1039.7229
Philippines,2005,23325.9104627907,1699.1756,142.7588,1556.4168
Philippines,2006,22959.898074418605,2633.9694,181.7757,2452.1936
Philippines,2007,23770.439711627907,2809.2003,213.3025,2595.8978
Philippines,2008,24509.765427906976,2785.2608,274.6107,2510.6501
Philippines,2009,24837.444658139535,3857.9739,471.5192,3386.4547
Philippines,2010,25212.143946511627,4784.8436,645.2923,4139.5513
Philippines,2011,23825.90908372093,4029.2945,456.1453,3573.1491
Philippines,2012,24324.571555813953,6155.8889,868.9018,5286.9871
Philippines,2013,25216.878779069768,7299.5738,1040.7079,6258.8659
Philippines,2014,25747.518109302328,8051.2819,1134.2951,6916.9868
Philippines,2015,26452.859386046515,9014.7805,1388.0027,7626.7778
Philippines,2016,27421.248209302325,8505.6496,1404.0153,7101.6343
Philippines,2017,29339.933244186046,7937.1988,1368.5716,6568.6272
Philippines,2018,29847.337165116278,7805.3681,1439.5053,6365.8628
Philippines,2019,30070.922795348837,7551.1337,1242.5378,6308.5959
Philippines,2020,29429.26833488372,7266.0847,1512.4147,5753.67
Philippines,2021,30468.189558139537,7406.0023,1348.4686,6057.5337
Philippines,2022,31035.28260465116,8475.8523,1280.5488,7195.3034
Republic of Korea,1986,4383.477791666667,9644.5359,767.1114,8813.5056
Republic of Korea,1987,4286.232358333334,9212.9997,717.5387,8416.8419
Republic of Korea,1988,4166.560083333333,13014.5901,1368.792,11590.2842
Republic of Korea,1989,4257.109841666667,16891.5185,2458.5316,14359.2409
Republic of Korea,1990,20278.18481632653,15691.3485,2017.2084,13583.1448
Republic of Korea,1991,21859.29056530612,17063.0818,2039.0679,14845.7264
Republic of Korea,1992,23385.45233877551,15946.6604,1849.0995,13965.7937
Republic of Korea,1993,25893.263969387754,17069.6211,1911.3634,14912.6565
Republic of Korea,1994,27736.65239387755,19173.0113,2033.1009,16852.8825
Republic of Korea,1995,30054.1442,20390.2219,2318.1502,17757.5885
Republic of Korea,1996,32302.44845102041,20051.5995,2452.9664,17453.4461
Republic of Korea,1997,34585.74876326531,20228.8683,3448.5859,16488.0503
Republic of Korea,1998,29240.922606122447,12547.2201,2346.7009,9922.8211
Republic of Korea,1999,31658.658012244898,17999.6019,2240.7254,15670.6961
Republic of Korea,2000,34891.95688571428,21909.9341,2942.1358,18870.138
Republic of Korea,2001,33625.20611020408,17009.8509,2840.4854,14057.9428
Republic of Korea,2002,34691.58321836735,17274.7493,2943.5792,14236.463
Republic of Korea,2003,34447.52565714286,14858.0722,2798.2141,11836.2519
Republic of Korea,2004,35452.97727346939,16735.6019,2176.6097,14491.081
Republic of Korea,2005,34611.32576122449,19092.0686,2534.9866,16495.2013
Republic of Korea,2006,34778.58956530612,20018.158,2769.8382,17169.6997
Republic of Korea,2007,36822.827973469386,17569.8103,2549.5621,14984.4288
Republic of Korea,2008,37528.00184693877,14540.8175,1882.9453,12622.7872
Republic of Korea,2009,37713.646404081635,15102.6864,1864.3383,13201.9555
Republic of Korea,2010,42069.54704693878,16500.606,2271.4735,14198.0414
Republic of Korea,2011,44410.919889795914,17068.5739,1862.1564,15176.2156
Republic of Korea,2012,44733.76931632652,17993.2504,2247.5652,15711.7143
Republic of Korea,2013,45129.2399755102,17738.5066,2333.0247,15372.6733
Republic of Korea,2014,45055.047618367345,17594.3844,2231.3452,15330.9466
Republic of Korea,2015,45421.23546938776,21375.9074,2649.5557,18694.6386
Republic of Korea,2016,47569.135197959185,20033.5498,3220.1948,16785.1445
Republic of Korea,2017,54680.3023255814,22175.0445,3360.8241,18782.9948
Republic of Korea,2018,55599.729072093025,23000.6235,3410.8749,19558.0992
Republic of Korea,2019,54482.70840697675,21441.6212,3516.1389,17893.7915
Republic of Korea,2020,53269.17148372094,21995.7933,2849.4601,19119.8548
Republic of Korea,2021,55005.01269069768,25428.4616,2993.9269,22399.89
Republic of Korea,2022,54450.11223953488,22345.9821,3163.0041,19134.2944
Russian Federation,1986,,,,
Russian Federation,1987,,,,
Russian Federation,1988,,,,
Russian Federation,1989,,,,
Russian Federation,1990,,,,
Russian Federation,1991,,,,
Russian Federation,1992,170340.47305892856,,,
Russian Federation,1993,158105.2887517857,,,
Russian Federation,1994,136580.23988571428,,,
Russian Federation,1995,126278.46679107143,4859.9966,602.1503,4251.0232
Russian Federation,1996,119806.20432142857,5875.2991,599.9401,5274.905
Russian Federation,1997,107627.65870714285,11193.9565,3519.1707,7674.7858
Russian Federation,1998,101194.18288035714,1761.8897,585.0968,1176.7929
Russian Federation,1999,101043.72755178572,-223.2171,463.5183,-686.7353
Russian Federation,2000,100740.34571071427,1211.1796,593.4801,616.7346
Russian Federation,2001,68111.04608392857,4031.7325,854.5717,3152.4003
Russian Federation,2002,66757.51315357143,3506.5529,784.6111,2666.1431
Russian Federation,2003,70074.618675,4593.7155,709.2716,3821.3943
Russian Federation,2004,70692.96669464286,7269.2875,896.8945,6277.6815
Russian Federation,2005,71075.39413035715,5291.7055,812.0911,4352.5072
Russian Federation,2006,73226.56228035715,7008.9117,1262.8462,5610.1751
Russian Federation,2007,73649.635525,8855.0284,1573.6098,7026.8481
Russian Federation,2008,76718.90360178573,14540.5941,1600.003,12514.2434
Russian Federation,2009,64528.15562321428,12510.1327,1436.1567,10411.2481
Russian Federation,2010,69655.05576964286,12437.6575,1467.3975,10468.2227
Russian Federation,2011,85735.30951071429,10285.4934,1461.06,8155.6524
Russian Federation,2012,86893.53120357145,11467.116,1590.022,9368.0915
Russian Federation,2013,83951.86815892858,16893.3242,1963.1688,14114.9581
Russian Federation,2014,84808.76934642857,10052.2352,1595.2964,7930.5419
Russian Federation,2015,85313.86287321428,9827.7258,1297.3481,8199.1201
Russian Federation,2016,98239.17193392858,9322.9872,1287.8009,7797.4656
Russian Federation,2017,102923.3868,10312.9361,1610.0765,8428.4798
Russian Federation,2018,112745.09043571427,9332.8995,1602.422,7534.3707
Russian Federation,2019,110707.10260357142,8691.0908,1708.0142,6788.5099
Russian Federation,2020,121752.58040181818,7153.3167,1421.241,5578.4856
Russian Federation,2021,173868.7255860465,4588.253,1314.7626,2909.3909
Russian Federation,2022,180171.32936511628,4520.0695,1853.8495,1724.6738
South Africa,1986,7859.039808333334,,,
South Africa,1987,7874.620608333334,,,
South Africa,1988,8044.541249999999,,,
South Africa,1989,8270.62365,,,
South Africa,1990,38844.36412765957,,,
South Africa,1991,43641.38966097561,,,
South Africa,1992,40661.64361190476,,,
South Africa,1993,41710.12429047619,,,
South Africa,1994,39124.158070833335,,,
South Africa,1995,45509.62189285715,1639.4813,497.8217,1141.6597
South Africa,1996,46243.398883333335,1185.0857,413.8401,771.2456
South Africa,1997,48248.71815238095,1401.7813,333.6449,1068.1364
South Africa,1998,48010.8445047619,1141.7356,323.2861,818.4495
South Africa,1999,47659.81552619048,970.6288,303.6974,666.9313
South Africa,2000,47899.620350000005,769.8273,322.8249,447.0024
South Africa,2001,46726.19890930233,584.8699,278.8404,306.0295
South Africa,2002,46238.34660465117,1061.6851,260.222,801.4632
South Africa,2003,49747.1544255814,1021.3518,406.0881,615.2638
South Africa,2004,53452.87229767442,1274.1733,394.637,879.5363
South Africa,2005,52079.378558139535,1165.8788,436.6244,729.2544
South Africa,2006,54154.51993488372,1564.742,376.0548,1188.6873
South Africa,2007,56042.63979767443,1034.2146,267.9793,766.2352
South Africa,2008,58418.57981395349,666.3709,202.7334,463.6374
South Africa,2009,56717.49358372093,868.6846,209.376,659.3086
South Africa,2010,53369.94905454545,735.4522,247.2366,488.2155
South Africa,2011,54488.99609534884,959.5353,260.0091,699.5262
South Africa,2012,53338.879979545454,1160.4312,285.5422,874.8889
South Africa,2013,54695.51112790698,759.248,276.1525,483.0954
South Africa,2014,55833.50755116279,750.6807,280.4604,470.2203
South Africa,2015,50214.88067234043,1103.0412,312.203,790.8382
South Africa,2016,55104.60269285714,617.7429,252.1379,365.605
South Africa,2017,52665.903371111104,936.2918,280.7419,655.5499
South Africa,2018,54336.126104761905,1315.6116,276.8662,1038.7455
South Africa,2019,56412.010661904766,804.0998,273.7624,530.3374
South Africa,2020,53012.469040476186,909.8177,263.8459,645.9718
South Africa,2021,53442.011002380954,809.5868,272.8005,536.7862
South Africa,2022,51756.99735,1033.1421,257.6058,775.5363
Switzerland,1986,2148.2154,6712.4046,386.4356,5713.9203
Switzerland,1987,2104.2547,7259.7343,383.267,6230.2509
Switzerland,1988,2097.4850818181817,7587.2493,399.378,6548.2467
Switzerland,1989,2105.0487,6536.5951,380.5878,5515.7517
Switzerland,1990,4408.110092592593,6725.5873,387.3183,5594.6279
Switzerland,1991,4280.092405555555,6916.4343,393.0788,5825.0064
Switzerland,1992,4272.087357407408,6316.6174,367.8554,5227.4247
Switzerland,1993,4090.6299407407405,6964.1187,371.1168,5847.1275
Switzerland,1994,4151.79592037037,7046.117,389.1087,5966.1161
Switzerland,1995,4005.876812962963,6677.6729,385.9458,5571.9939
Switzerland,1996,3991.9531555555554,6749.6017,376.4546,5655.3988
Switzerland,1997,4096.762311111111,6484.4274,353.952,5570.4877
Switzerland,1998,4151.652794444444,6620.3849,341.1122,5664.5683
Switzerland,1999,4128.972081481481,6532.1847,318.0626,5799.4072
Switzerland,2000,4337.475424074074,6039.9086,342.5753,5529.742
Switzerland,2001,4284.999035185185,5681.6131,380.3747,5139.0671
Switzerland,2002,4068.743405555556,6263.3554,377.1526,5736.2755
Switzerland,2003,4036.4467851851855,5898.8089,355.7658,5404.4254
Switzerland,2004,4067.5605703703704,5772.2262,329.2587,5323.6704
Switzerland,2005,4153.561698148148,5358.4472,319.2223,4944.2932
Switzerland,2006,4237.238407407408,5286.499,403.706,4815.6601
Switzerland,2007,4051.8670611111115,4346.0454,406.9022,3884.4727
Switzerland,2008,4179.338440740741,4507.6217,405.0452,4055.868
Switzerland,2009,4172.761694444444,4859.1732,440.2216,4402.5819
Switzerland,2010,4051.9892814814816,4913.6447,505.3485,4406.0515
Switzerland,2011,3974.6031444444443,5124.533,568.6604,4551.8196
Switzerland,2012,3976.2453925925925,5370.5306,595.9076,4771.0544
Switzerland,2013,4143.974022222222,5106.2014,587.3293,4511.9649
Switzerland,2014,3937.8054296296295,6003.0309,600.6216,5398.7852
Switzerland,2015,3867.055066666667,6850.7254,691.3008,6155.2093
Switzerland,2016,3781.2581907407407,6811.495,671.6364,6135.4525
Switzerland,2017,3808.472711111111,6329.4363,662.1582,5662.9541
Switzerland,2018,3726.641414814815,5841.5455,657.9648,5179.7682
Switzerland,2019,3714.812537037037,6207.4539,673.683,5529.456
Switzerland,2020,3691.1817490566036,7032.8164,735.763,6280.6988
Switzerland,2021,4624.0806829268295,6460.1115,733.2885,5722.2901
Switzerland,2022,4639.67552,6362.5734,804.1581,5554.5307
Trkiye,1986,12518.886991666666,3072.3153,277.3811,2794.9342
Trkiye,1987,13025.1397,3842.2365,273.4467,3568.7897
Trkiye,1988,12911.905608333334,3630.2917,349.3858,3280.9059
Trkiye,1989,12882.453416666665,4574.528,647.0655,3927.4625
Trkiye,1990,17736.826423214286,6222.0527,840.8795,5381.1733
Trkiye,1991,16947.183198245613,10296.2866,2499.408,7796.8787
Trkiye,1992,17603.733289473683,8500.7066,1065.3243,7435.3823
Trkiye,1993,18089.221880701756,9446.79,2130.4613,7316.3287
Trkiye,1994,17394.99644736842,5648.9644,682.7593,4966.2051
Trkiye,1995,18479.529650877193,8017.0803,1802.2927,6214.7876
Trkiye,1996,19627.520442105266,8675.0552,2448.2637,6226.7914
Trkiye,1997,20268.810154385963,10925.5751,2988.911,7936.6642
Trkiye,1998,20604.826592982456,15003.3988,4723.456,10279.9428
Trkiye,1999,20604.96577017544,15486.0387,5731.0598,9754.979
Trkiye,2000,21773.790180701755,14758.7084,5307.2606,9451.4477
Trkiye,2001,18299.288059649123,14249.9587,4145.1998,10104.759
Trkiye,2002,18339.208377192983,12628.4826,2692.1559,9936.3267
Trkiye,2003,19184.89649122807,11462.5958,1430.1894,10032.4064
Trkiye,2004,19533.967854385966,10478.5348,1218.877,9259.6578
Trkiye,2005,20442.528852631578,12059.4067,1773.9335,10285.4732
Trkiye,2006,22386.80188947368,14615.4808,3163.3533,11452.1274
Trkiye,2007,23907.074192982458,14523.1191,1249.7712,13273.3479
Trkiye,2008,24130.77604736842,15657.292,1891.4902,13765.8019
Trkiye,2009,24414.241845614033,14968.7664,2317.3563,12651.4101
Trkiye,2010,25576.33330877193,27713.6871,2397.7052,25315.9818
Trkiye,2011,26267.954807017544,19957.1299,2532.8151,17424.3148
Trkiye,2012,28121.572819298246,19248.455,1721.6681,17526.7869
Trkiye,2013,29019.97419122807,15035.8985,2624.4179,12411.4806
Trkiye,2014,30643.94497017544,10191.6541,2372.3674,7819.2867
Trkiye,2015,30293.60403859649,14016.5826,2705.0837,11311.499
Trkiye,2016,34553.8339122807,16295.7425,2510.7416,13785.0009
Trkiye,2017,37093.04497719298,15877.0079,2649.3725,13227.6355
Trkiye,2018,37922.2200245614,9576.9964,1943.8009,7633.1955
Trkiye,2019,38157.33164210526,7696.8981,1075.5359,6621.3622
Trkiye,2020,42398.10593214286,11572.3542,981.1232,10591.231
Trkiye,2021,55803.035402325586,8338.9261,1783.702,6555.2241
Trkiye,2022,54900.685365116275,6800.8831,1932.5016,4868.3815
Ukraine,1986,,,,
Ukraine,1987,,,,
Ukraine,1988,,,,
Ukraine,1989,,,,
Ukraine,1990,,,,
Ukraine,1991,,,,
Ukraine,1992,58284.252442105266,,,
Ukraine,1993,51506.002259649125,,,
Ukraine,1994,44023.45342631579,,,
Ukraine,1995,43642.84550175438,-2188.8964,226.4294,-2415.3258
Ukraine,1996,38759.11128947369,-1378.7452,267.7969,-1646.5421
Ukraine,1997,34022.109440350876,1323.8267,240.0727,1083.754
Ukraine,1998,31894.029991228068,457.4125,186.4918,270.9206
Ukraine,1999,31114.418919298245,110.58,135.1718,-24.5918
Ukraine,2000,30291.56042631579,301.5406,81.3942,220.1464
Ukraine,2001,31580.79238947368,560.1011,125.1666,434.9346
Ukraine,2002,31667.237866666666,-328.6914,186.7511,-515.4425
Ukraine,2003,33436.543880701756,236.148,245.8777,-9.7298
Ukraine,2004,32141.744300000002,398.6277,290.6715,107.9562
Ukraine,2005,31462.068150877192,1771.2904,448.4936,1322.7968
Ukraine,2006,30619.3751368421,1937.5353,405.8107,1531.7245
Ukraine,2007,30361.786791228067,900.4051,486.8505,413.5546
Ukraine,2008,30104.652631578945,-136.9117,488.6497,-625.5614
Ukraine,2009,26133.13400350877,1548.0401,349.5882,1198.4519
Ukraine,2010,28777.97894736842,1706.4595,463.0583,1243.4012
Ukraine,2011,29941.30358245614,-538.7235,485.9733,-1024.6968
Ukraine,2012,30172.854296491227,534.7004,602.7884,-68.0881
Ukraine,2013,30055.681880701755,493.0205,495.0359,-2.0154
Ukraine,2014,26337.211522807014,-160.1788,221.0995,-381.2784
Ukraine,2015,23557.230073684208,234.6464,103.5456,131.1008
Ukraine,2016,24147.92605789474,-254.265,99.1368,-353.4018
Ukraine,2017,23242.75982105263,-84.3498,123.1435,-207.4934
Ukraine,2018,24732.909459649123,753.0451,187.2429,565.8022
Ukraine,2019,24226.269200000002,1107.9186,198.2893,909.6294
Ukraine,2020,23367.251823214287,626.5194,196.2077,430.3117
Ukraine,2021,28530.933567441858,274.7341,226.3912,48.3429
Ukraine,2022,22795.843041860466,-582.3074,248.8213,-831.1287
United Kingdom of Great Britain and Northern Ireland,1986,18572.374872727272,,,
United Kingdom of Great Britain and Northern Ireland,1987,18212.40041818182,,,
United Kingdom of Great Britain and Northern Ireland,1988,18085.512672727273,,,
United Kingdom of Great Britain and Northern Ireland,1989,18396.698436363637,,,
United Kingdom of Great Britain and Northern Ireland,1990,59004.61086909091,,,
United Kingdom of Great Britain and Northern Ireland,1991,59579.513949090906,,,
United Kingdom of Great Britain and Northern Ireland,1992,58316.64508,,,
United Kingdom of Great Britain and Northern Ireland,1993,56729.567425454545,,,
United Kingdom of Great Britain and Northern Ireland,1994,57695.0509425926,,,
United Kingdom of Great Britain and Northern Ireland,1995,57235.245575925925,,,
United Kingdom of Great Britain and Northern Ireland,1996,58230.148757407405,,,
United Kingdom of Great Britain and Northern Ireland,1997,56361.95268518519,,,
United Kingdom of Great Britain and Northern Ireland,1998,56393.71829074073,,,
United Kingdom of Great Britain and Northern Ireland,1999,55120.67630925927,,,
United Kingdom of Great Britain and Northern Ireland,2000,54885.01902777777,,,
United Kingdom of Great Britain and Northern Ireland,2001,54494.70435,,,
United Kingdom of Great Britain and Northern Ireland,2002,53183.85659629629,,,
United Kingdom of Great Britain and Northern Ireland,2003,53497.00685925926,,,
United Kingdom of Great Britain and Northern Ireland,2004,53246.67943888889,,,
United Kingdom of Great Britain and Northern Ireland,2005,53451.76568148148,,,
United Kingdom of Great Britain and Northern Ireland,2006,52760.91417222222,,,
United Kingdom of Great Britain and Northern Ireland,2007,50983.25116296296,,,
United Kingdom of Great Britain and Northern Ireland,2008,50051.22189444444,,,
United Kingdom of Great Britain and Northern Ireland,2009,46450.99039074074,,,
United Kingdom of Great Britain and Northern Ireland,2010,47641.88108148148,,,
United Kingdom of Great Britain and Northern Ireland,2011,44837.07751111111,,,
United Kingdom of Great Britain and Northern Ireland,2012,46171.38650555555,,,
United Kingdom of Great Britain and Northern Ireland,2013,45411.576837037035,,,
United Kingdom of Great Britain and Northern Ireland,2014,43296.88341296296,,,
United Kingdom of Great Britain and Northern Ireland,2015,42333.407933333336,,,
United Kingdom of Great Britain and Northern Ireland,2016,40677.20782222222,,,
United Kingdom of Great Britain and Northern Ireland,2017,40013.326372222225,6591.4049,762.1984,5824.6262
United Kingdom of Great Britain and Northern Ireland,2018,39291.09213888889,6893.8949,765.9426,6124.1141
United Kingdom of Great Britain and Northern Ireland,2019,38141.82652592593,7086.6491,887.9841,6195.016
United Kingdom of Great Britain and Northern Ireland,2020,36111.8378754717,6727.0878,863.165,5843.1224
United Kingdom of Great Britain and Northern Ireland,2021,45240.08359761905,9020.4262,731.5049,8287.0178
United Kingdom of Great Britain and Northern Ireland,2022,45022.365900000004,7517.5312,899.8334,6614.5352
United States of America,1986,101874.46565833333,49657.0014,3060.1162,36691.3945
United States of America,1987,99417.038025,42881.9314,2680.0939,31551.219
United States of America,1988,98009.71408333333,36623.6599,2735.2553,24938.8011
United States of America,1989,98314.15405833333,43483.3237,3133.0391,30546.4382
United States of America,1990,342405.24166271184,35256.2496,2886.293,22470.5243
United States of America,1991,341481.8342881356,37811.7583,3212.2406,23318.1485
United States of America,1992,348017.44049491524,38327.6829,3191.5552,23098.2767
United States of America,1993,355636.4779813559,44959.2922,3641.9331,26680.4387
United States of America,1994,361595.95061525423,40564.4173,3572.3181,22505.0611
United States of America,1995,367895.60311355937,31191.9873,3211.5923,14189.9653
United States of America,1996,375863.3870762712,38186.2832,3270.893,20292.2066
United States of America,1997,383382.7668118644,44083.5965,3852.2924,23712.043
United States of America,1998,384320.43290508474,57206.7561,4099.1934,36881.5198
United States of America,1999,388255.9024406779,69611.6949,4777.9389,47686.9299
United States of America,2000,397957.6352067797,77774.7147,5753.0144,52077.2224
United States of America,2001,389814.74755254237,80635.1465,7241.9701,52078.0681
United States of America,2002,391381.9366949153,67964.1185,7113.526,38772.9286
United States of America,2003,393586.0131135593,56829.0516,6526.335,30338.7322
United States of America,2004,401749.6070915254,58211.5157,5831.345,32899.0345
United States of America,2005,401345.4501271186,57599.8676,5575.735,31370.8751
United States of America,2006,397269.4994525424,51071.8845,6080.6704,23419.4266
United States of America,2007,404482.0446915254,50186.1648,4821.412,25059.2597
United States of America,2008,394791.1643271186,47930.5603,7047.5694,19616.9785
United States of America,2009,374299.9554559322,52933.5923,5947.5166,21022.8449
United States of America,2010,381567.03161016945,59953.518,7512.683,21484.2832
United States of America,2011,372564.0573050848,58674.9497,4135.882,21918.4589
United States of America,2012,359507.36171016947,67445.8981,4741.0648,26021.6459
United States of America,2013,367542.0312152542,65009.4599,7682.2662,21011.5459
United States of America,2014,370761.24509661016,69742.9543,5818.6335,28715.9033
United States of America,2015,367469.7432152542,81408.8739,7833.6146,31446.2057
United States of America,2016,373247.3929152542,80840.2772,8960.0381,29789.2594
United States of America,2017,373714.42343728815,73344.2125,9437.4116,23026.7676
United States of America,2018,383399.6324932203,79922.7955,9232.7035,31861.2816
United States of America,2019,380302.07680508477,86100.1698,10019.9901,35902.5573
United States of America,2020,369484.4144827586,88640.9092,8367.9942,33669.9799
United States of America,2021,502692.69372790697,110363.0165,10091.7643,44828.5874
United States of America,2022,504575.93426976743,128120.8623,12844.7255,38713.1464
Viet Nam,1986,11931.143216666665,,,
Viet Nam,1987,11810.062616666668,,,
Viet Nam,1988,12312.934916666665,,,
Viet Nam,1989,12666.947825000001,,,
Viet Nam,1990,8518.8021,,,
Viet Nam,1991,9204.191036585366,,,
Viet Nam,1992,9570.117609756098,,,
Viet Nam,1993,9776.270161904762,,,
Viet Nam,1994,11471.79965,,,
Viet Nam,1995,11219.070461904761,,,
Viet Nam,1996,12342.80039047619,,,
Viet Nam,1997,13263.169523809524,,,
Viet Nam,1998,14337.731933333334,,,
Viet Nam,1999,14889.594866666666,,,
Viet Nam,2000,16195.147658333333,1237.6102,223.6662,1013.944
Viet Nam,2001,23734.280369767443,1476.0868,224.9063,1251.1805
Viet Nam,2002,25372.010258139533,-84.1025,208.4192,-292.5217
Viet Nam,2003,26125.955111627907,1081.6988,153.6437,928.0551
Viet Nam,2004,28396.95321395349,1037.6278,164.0145,873.6133
Viet Nam,2005,29155.781274418605,1163.9655,193.6606,970.3049
Viet Nam,2006,29398.663360465118,1017.5328,282.7365,734.7963
Viet Nam,2007,30135.231844186048,65.153,274.7307,-209.5777
Viet Nam,2008,30485.12901627907,-4520.2033,319.9716,-4840.1748
Viet Nam,2009,32639.860444186048,2761.6298,441.2112,2320.4186
Viet Nam,2010,32214.503563265305,2426.3811,475.9521,1950.429
Viet Nam,2011,30833.701148837208,1749.0389,398.3933,1350.6456
Viet Nam,2012,30570.98882790698,2447.2928,400.4499,2046.8428
Viet Nam,2013,30709.263273469387,1355.5245,524.812,830.7125
Viet Nam,2014,34482.58716511628,101.8854,621.5957,-519.7103
Viet Nam,2015,37242.30579302325,-470.3018,662.0307,-1132.3325
Viet Nam,2016,33027.343958823534,-1033.1257,647.5551,-1680.6809
Viet Nam,2017,39434.062976744186,241.1173,551.3171,-310.1998
Viet Nam,2018,42151.207862790696,-3392.7051,614.2696,-4006.9747
Viet Nam,2019,48655.78928372093,-2992.9938,853.8893,-3846.8831
Viet Nam,2020,50106.230781395345,-2996.1061,899.1034,-3895.2095
Viet Nam,2021,49332.36012790698,-3737.2757,827.2783,-4564.554
Viet Nam,2022,48544.68511395349,-4584.8163,687.883,-5272.6993
